{
  "project_info": {
    "project_number": "883909166685",
    "project_id": "applyhigh-7e6fc",
    "storage_bucket": "applyhigh-7e6fc.appspot.com"
  },
  "client": [
    {
      "client_info": {
        "mobilesdk_app_id": "1:883909166685:android:e3cb4efa30952ce8312fb4",
        "android_client_info": {
          "package_name": "com.example.ApplyHigh"
        }
      },
      "oauth_client": [
        {
          "client_id": "883909166685-jdgtjqgjul9tnf1ivoip0rs33vmgvpan.apps.googleusercontent.com",
          "client_type": 1,
          "android_info": {
            "package_name": "com.example.ApplyHigh",
            "certificate_hash": "993d815b5f6d4627776be2c1912beb0fd5af0d3b"
          }
        },
        {
          "client_id": "883909166685-fotgq541bag30n37rn59vr52envlmofv.apps.googleusercontent.com",
          "client_type": 3
        }
      ],
      "api_key": [
        {
          "current_key": "AIzaSyA4gjg7xSl6ptL7mM_7zmroA5kF_gT20Ak"
        }
      ],
      "services": {
        "appinvite_service": {
          "other_platform_oauth_client": [
            {
              "client_id": "883909166685-fotgq541bag30n37rn59vr52envlmofv.apps.googleusercontent.com",
              "client_type": 3
            }
          ]
        }
      }
    }
  ],
  "configuration_version": "1"
}